{"cameraMode":{"drawMode":0,"name":"Shaded","section":"Shading Mode"},"sceneLighting":false,"audioPlay":false,"sceneViewState":{"m_AlwaysRefresh":true,"showFog":true,"showSkybox":false,"showFlares":true,"showImageEffects":true,"showParticleSystems":true,"showVisualEffectGraphs":false,"m_FxEnabled":true},"in2DMode":false,"pivot":{"x":0.5391387343406677,"y":-0.0921599343419075,"z":0.08210112899541855},"rotation":{"x":0.32384371757507326,"y":-0.15014220774173737,"z":0.05214041844010353,"w":0.9326748251914978},"size":0.8022822737693787,"orthographic":false}