{"cameraMode":{"drawMode":0,"name":"Shaded","section":"Shading Mode"},"sceneLighting":false,"audioPlay":false,"sceneViewState":{"m_AlwaysRefresh":false,"showFog":true,"showSkybox":false,"showFlares":true,"showImageEffects":true,"showParticleSystems":true,"showVisualEffectGraphs":true,"m_FxEnabled":true},"in2DMode":false,"pivot":{"x":0.00018513202667236328,"y":0.6477233171463013,"z":0.0001838207244873047},"rotation":{"x":0.15520693361759187,"y":-0.7179696559906006,"z":0.19232897460460664,"w":0.6509579420089722},"size":1.1603491306304932,"orthographic":false}