{"cameraMode":{"drawMode":0,"name":"Shaded","section":"Shading Mode"},"sceneLighting":false,"audioPlay":false,"sceneViewState":{"m_AlwaysRefresh":false,"showFog":true,"showSkybox":false,"showFlares":true,"showImageEffects":true,"showParticleSystems":true,"showVisualEffectGraphs":true,"m_FxEnabled":true},"in2DMode":false,"pivot":{"x":0.5907543301582336,"y":0.9978916645050049,"z":-0.8308460116386414},"rotation":{"x":0.1486978679895401,"y":-0.19653360545635224,"z":0.04411089047789574,"w":0.9683033227920532},"size":0.6807523965835571,"orthographic":false}