{"cameraMode":{"drawMode":0,"name":"Shaded","section":"Shading Mode"},"sceneLighting":false,"audioPlay":false,"sceneViewState":{"m_AlwaysRefresh":false,"showFog":true,"showSkybox":false,"showFlares":true,"showImageEffects":true,"showParticleSystems":true,"showVisualEffectGraphs":true,"m_FxEnabled":true},"in2DMode":false,"pivot":{"x":-0.6370940804481506,"y":1.1595510244369507,"z":-0.16675037145614625},"rotation":{"x":-0.23865094780921937,"y":-0.7568705677986145,"z":0.32449012994766238,"w":-0.5149738192558289},"size":1.7787625789642335,"orthographic":false}