{"cameraMode":{"drawMode":0,"name":"Shaded","section":"Shading Mode"},"sceneLighting":false,"audioPlay":false,"sceneViewState":{"m_AlwaysRefresh":false,"showFog":true,"showSkybox":false,"showFlares":true,"showImageEffects":true,"showParticleSystems":true,"showVisualEffectGraphs":true,"m_FxEnabled":true},"in2DMode":false,"pivot":{"x":-0.35663002729415896,"y":-0.38470616936683657,"z":-0.03354597091674805},"rotation":{"x":0.25562426447868349,"y":-0.6585779786109924,"z":0.2392836958169937,"w":0.6662421226501465},"size":0.710268497467041,"orthographic":false}