{"cameraMode":{"drawMode":0,"name":"Shaded","section":"Shading Mode"},"sceneLighting":false,"audioPlay":false,"sceneViewState":{"m_AlwaysRefresh":false,"showFog":true,"showSkybox":false,"showFlares":true,"showImageEffects":true,"showParticleSystems":true,"showVisualEffectGraphs":true,"m_FxEnabled":true},"in2DMode":false,"pivot":{"x":-15.303742408752442,"y":1.6307505369186402,"z":17.267070770263673},"rotation":{"x":-0.032461244612932208,"y":0.8901793956756592,"z":-0.06420942395925522,"w":-0.44994449615478518},"size":2.179577350616455,"orthographic":false}