{"cameraMode":{"drawMode":0,"name":"Shaded","section":"Shading Mode"},"sceneLighting":false,"audioPlay":false,"sceneViewState":{"m_AlwaysRefresh":false,"showFog":true,"showSkybox":false,"showFlares":true,"showImageEffects":true,"showParticleSystems":true,"showVisualEffectGraphs":true,"m_FxEnabled":false},"in2DMode":false,"pivot":{"x":-0.15790370106697083,"y":0.2705361247062683,"z":0.016541749238967897},"rotation":{"x":0.028688251972198488,"y":-0.9367689490318298,"z":0.34011730551719668,"w":0.07825059443712235},"size":0.3466760814189911,"orthographic":false}