{"cameraMode":{"drawMode":0,"name":"Shaded","section":"Shading Mode"},"sceneLighting":false,"audioPlay":false,"sceneViewState":{"m_AlwaysRefresh":false,"showFog":true,"showSkybox":false,"showFlares":true,"showImageEffects":true,"showParticleSystems":true,"showVisualEffectGraphs":true,"m_FxEnabled":true},"in2DMode":false,"pivot":{"x":0.5208131074905396,"y":0.8065837025642395,"z":1.2565523386001588},"rotation":{"x":0.07758903503417969,"y":0.9345334768295288,"z":-0.27541208267211916,"w":0.21262560784816743},"size":1.4191017150878907,"orthographic":false}