{"cameraMode":{"drawMode":0,"name":"Shaded","section":"Shading Mode"},"sceneLighting":false,"audioPlay":false,"sceneViewState":{"m_AlwaysRefresh":false,"showFog":true,"showSkybox":false,"showFlares":true,"showImageEffects":true,"showParticleSystems":true,"showVisualEffectGraphs":true,"m_FxEnabled":false},"in2DMode":false,"pivot":{"x":1.774044156074524,"y":0.5480559468269348,"z":-2.12416934967041},"rotation":{"x":-0.0005769954295828939,"y":0.9711302518844605,"z":-0.23857854306697846,"w":-0.002318355953320861},"size":2.5465517044067385,"orthographic":false}