{"cameraMode":{"drawMode":0,"name":"Shaded","section":"Shading Mode"},"sceneLighting":false,"audioPlay":false,"sceneViewState":{"m_AlwaysRefresh":false,"showFog":true,"showSkybox":false,"showFlares":true,"showImageEffects":true,"showParticleSystems":true,"showVisualEffectGraphs":true,"m_FxEnabled":true},"in2DMode":false,"pivot":{"x":0.03720664978027344,"y":10.23224925994873,"z":-0.3363924026489258},"rotation":{"x":0.007181689143180847,"y":-0.9926983118057251,"z":0.09288790822029114,"w":0.07668379694223404},"size":17.339624404907228,"orthographic":false}