{"cameraMode":{"drawMode":0,"name":"Shaded","section":"Shading Mode"},"sceneLighting":false,"audioPlay":false,"sceneViewState":{"m_AlwaysRefresh":true,"showFog":true,"showSkybox":false,"showFlares":true,"showImageEffects":true,"showParticleSystems":true,"showVisualEffectGraphs":false,"m_FxEnabled":true},"in2DMode":false,"pivot":{"x":4.053075790405273,"y":3.3043994903564455,"z":62.36907196044922},"rotation":{"x":0.3088555634021759,"y":-0.025415191426873208,"z":0.008247443474829197,"w":0.9507510662078857},"size":2.1300909519195558,"orthographic":false}