{"cameraMode":{"drawMode":0,"name":"Shaded","section":"Shading Mode"},"sceneLighting":false,"audioPlay":false,"sceneViewState":{"m_AlwaysRefresh":false,"showFog":true,"showSkybox":false,"showFlares":true,"showImageEffects":true,"showParticleSystems":true,"showVisualEffectGraphs":true,"m_FxEnabled":false},"in2DMode":false,"pivot":{"x":-0.009908795356750489,"y":0.29116636514663699,"z":-0.028841570019721986},"rotation":{"x":-0.025104453787207605,"y":-0.7161239385604858,"z":-0.025791622698307039,"w":0.6970449090003967},"size":0.5355449914932251,"orthographic":false}