{"cameraMode":{"drawMode":0,"name":"Shaded","section":"Shading Mode"},"sceneLighting":false,"audioPlay":false,"sceneViewState":{"m_AlwaysRefresh":false,"showFog":true,"showSkybox":false,"showFlares":true,"showImageEffects":true,"showParticleSystems":true,"showVisualEffectGraphs":true,"m_FxEnabled":true},"in2DMode":false,"pivot":{"x":2.3131179809570314,"y":2.6066925525665285,"z":1.3399510383605958},"rotation":{"x":0.3269958794116974,"y":-0.12733574211597444,"z":0.044522080570459369,"w":0.9353731274604797},"size":2.001253604888916,"orthographic":false}