{"cameraMode":{"drawMode":0,"name":"Shaded","section":"Shading Mode"},"sceneLighting":false,"audioPlay":false,"sceneViewState":{"m_AlwaysRefresh":false,"showFog":true,"showSkybox":false,"showFlares":true,"showImageEffects":true,"showParticleSystems":true,"showVisualEffectGraphs":true,"m_FxEnabled":true},"in2DMode":false,"pivot":{"x":1.626012921333313,"y":0.4836317300796509,"z":-0.06887581199407578},"rotation":{"x":0.1514144092798233,"y":-0.6801404356956482,"z":0.14667409658432008,"w":0.7021200656890869},"size":0.6517096757888794,"orthographic":false}