{"cameraMode":{"drawMode":0,"name":"Shaded","section":"Shading Mode"},"sceneLighting":false,"audioPlay":false,"sceneViewState":{"m_AlwaysRefresh":false,"showFog":true,"showSkybox":false,"showFlares":true,"showImageEffects":true,"showParticleSystems":true,"showVisualEffectGraphs":true,"m_FxEnabled":true},"in2DMode":false,"pivot":{"x":0.04471873864531517,"y":0.2631950080394745,"z":0.02651073783636093},"rotation":{"x":-0.515170693397522,"y":-0.06952167302370072,"z":0.035831913352012637,"w":-0.8535347580909729},"size":0.3071630299091339,"orthographic":false}