{"cameraMode":{"drawMode":0,"name":"Shaded","section":"Shading Mode"},"sceneLighting":false,"audioPlay":false,"sceneViewState":{"m_AlwaysRefresh":false,"showFog":true,"showSkybox":false,"showFlares":true,"showImageEffects":true,"showParticleSystems":true,"showVisualEffectGraphs":true,"m_FxEnabled":true},"in2DMode":false,"pivot":{"x":-0.708953857421875,"y":0.4054994583129883,"z":1.211877703666687},"rotation":{"x":-0.028725165873765947,"y":0.9265426993370056,"z":-0.3648368716239929,"w":-0.08732946217060089},"size":0.20469334721565247,"orthographic":false}