{"cameraMode":{"drawMode":0,"name":"Shaded","section":"Shading Mode"},"sceneLighting":false,"audioPlay":false,"sceneViewState":{"m_AlwaysRefresh":false,"showFog":true,"showSkybox":false,"showFlares":true,"showImageEffects":true,"showParticleSystems":true,"showVisualEffectGraphs":true,"m_FxEnabled":true},"in2DMode":false,"pivot":{"x":-0.1561780571937561,"y":-0.0029439330101013185,"z":0.013861733488738537},"rotation":{"x":0.2215149700641632,"y":-0.6664509773254395,"z":0.21782392263412476,"w":0.6777387261390686},"size":0.4173724949359894,"orthographic":false}