{"cameraMode":{"drawMode":0,"name":"Shaded","section":"Shading Mode"},"sceneLighting":false,"audioPlay":false,"sceneViewState":{"m_AlwaysRefresh":false,"showFog":true,"showSkybox":false,"showFlares":true,"showImageEffects":true,"showParticleSystems":true,"showVisualEffectGraphs":true,"m_FxEnabled":true},"in2DMode":false,"pivot":{"x":0.9809520244598389,"y":-0.20486177504062653,"z":0.8767963647842407},"rotation":{"x":-0.34725531935691836,"y":-0.06516923010349274,"z":0.018584949895739557,"w":-0.9353398084640503},"size":2.0743191242218019,"orthographic":false}