{"cameraMode":{"drawMode":0,"name":"Shaded","section":"Shading Mode"},"sceneLighting":false,"audioPlay":false,"sceneViewState":{"m_AlwaysRefresh":false,"showFog":true,"showSkybox":false,"showFlares":true,"showImageEffects":true,"showParticleSystems":true,"showVisualEffectGraphs":true,"m_FxEnabled":true},"in2DMode":false,"pivot":{"x":0.0036572092212736608,"y":0.928825318813324,"z":0.25232312083244326},"rotation":{"x":0.2024627923965454,"y":-0.6615698933601379,"z":0.21417833864688874,"w":0.6897581219673157},"size":1.2319622039794922,"orthographic":false}