{"cameraMode":{"drawMode":0,"name":"Shaded","section":"Shading Mode"},"sceneLighting":false,"audioPlay":false,"sceneViewState":{"m_AlwaysRefresh":false,"showFog":true,"showSkybox":false,"showFlares":true,"showImageEffects":true,"showParticleSystems":true,"showVisualEffectGraphs":true,"m_FxEnabled":true},"in2DMode":false,"pivot":{"x":0.1956588476896286,"y":0.14722585678100587,"z":0.011121643707156182},"rotation":{"x":-0.01550976000726223,"y":-0.9958370923995972,"z":0.08868824690580368,"w":-0.022265534847974778},"size":0.8362768888473511,"orthographic":false}