{"cameraMode":{"drawMode":0,"name":"Shaded","section":"Shading Mode"},"sceneLighting":false,"audioPlay":false,"sceneViewState":{"m_AlwaysRefresh":false,"showFog":true,"showSkybox":false,"showFlares":true,"showImageEffects":false,"showParticleSystems":true,"showVisualEffectGraphs":true,"m_FxEnabled":true},"in2DMode":false,"pivot":{"x":-0.0535147562623024,"y":1.4307547807693482,"z":-2.090879201889038},"rotation":{"x":-0.10183243453502655,"y":-0.004180314019322395,"z":0.0004281782894395292,"w":-0.9947971701622009},"size":0.28991225361824038,"orthographic":false}