{"cameraMode":{"drawMode":0,"name":"Shaded","section":"Shading Mode"},"sceneLighting":false,"audioPlay":false,"sceneViewState":{"m_AlwaysRefresh":true,"showFog":true,"showSkybox":false,"showFlares":true,"showImageEffects":true,"showParticleSystems":true,"showVisualEffectGraphs":false,"m_FxEnabled":true},"in2DMode":false,"pivot":{"x":-0.23884464800357819,"y":0.29182368516921999,"z":-0.18585224449634553},"rotation":{"x":-0.32616719603538515,"y":-0.446964830160141,"z":0.17807148396968842,"w":-0.8138533234596252},"size":0.14750199019908906,"orthographic":false}