{"cameraMode":{"drawMode":0,"name":"Shaded","section":"Shading Mode"},"sceneLighting":false,"audioPlay":false,"sceneViewState":{"m_AlwaysRefresh":true,"showFog":true,"showSkybox":false,"showFlares":true,"showImageEffects":true,"showParticleSystems":true,"showVisualEffectGraphs":false,"m_FxEnabled":true},"in2DMode":false,"pivot":{"x":16.977354049682618,"y":3.894824981689453,"z":12.649999618530274},"rotation":{"x":-0.0643998384475708,"y":0.5860955119132996,"z":0.04699096083641052,"w":0.8063616752624512},"size":0.12533140182495118,"orthographic":false}