{"cameraMode":{"drawMode":0,"name":"Shaded","section":"Shading Mode"},"sceneLighting":false,"audioPlay":false,"sceneViewState":{"m_AlwaysRefresh":false,"showFog":true,"showSkybox":false,"showFlares":true,"showImageEffects":true,"showParticleSystems":true,"showVisualEffectGraphs":true,"m_FxEnabled":true},"in2DMode":false,"pivot":{"x":-0.008614003658294678,"y":0.07799890637397766,"z":0.1417117863893509},"rotation":{"x":0.011842142790555954,"y":-0.6671594381332398,"z":0.01060580275952816,"w":0.7447478175163269},"size":0.2873116135597229,"orthographic":false}