{"cameraMode":{"drawMode":0,"name":"Shaded","section":"Shading Mode"},"sceneLighting":false,"audioPlay":false,"sceneViewState":{"m_AlwaysRefresh":true,"showFog":true,"showSkybox":false,"showFlares":true,"showImageEffects":true,"showParticleSystems":true,"showVisualEffectGraphs":false,"m_FxEnabled":true},"in2DMode":false,"pivot":{"x":-0.058417558670043948,"y":0.3173086643218994,"z":-8.940696716308594e-8},"rotation":{"x":-0.16132916510105134,"y":-0.8356183171272278,"z":0.323885440826416,"w":-0.41357147693634035},"size":0.7345413565635681,"orthographic":false}