{"cameraMode":{"drawMode":0,"name":"Shaded","section":"Shading Mode"},"sceneLighting":false,"audioPlay":false,"sceneViewState":{"m_AlwaysRefresh":false,"showFog":true,"showSkybox":false,"showFlares":true,"showImageEffects":true,"showParticleSystems":true,"showVisualEffectGraphs":true,"m_FxEnabled":true},"in2DMode":false,"pivot":{"x":1.2215021848678589,"y":2.737696409225464,"z":0.4471457004547119},"rotation":{"x":-0.01155723538249731,"y":-0.9455685615539551,"z":0.32556378841400149,"w":0.007943005301058293},"size":2.0012495517730715,"orthographic":false}