{"cameraMode":{"drawMode":0,"name":"Shaded","section":"Shading Mode"},"sceneLighting":false,"audioPlay":false,"sceneViewState":{"m_AlwaysRefresh":false,"showFog":true,"showSkybox":false,"showFlares":true,"showImageEffects":true,"showParticleSystems":true,"showVisualEffectGraphs":true,"m_FxEnabled":true},"in2DMode":false,"pivot":{"x":0.0027451515197753908,"y":0.8445017337799072,"z":-0.0022411346435546877},"rotation":{"x":-0.10179433971643448,"y":-0.028054235503077508,"z":0.0028590108267962934,"w":-0.994427502155304},"size":1.8638874292373658,"orthographic":false}