{"cameraMode":{"drawMode":0,"name":"Shaded","section":"Shading Mode"},"sceneLighting":true,"audioPlay":false,"sceneViewState":{"m_AlwaysRefresh":false,"showFog":true,"showSkybox":false,"showFlares":true,"showImageEffects":true,"showParticleSystems":true,"showVisualEffectGraphs":true,"m_FxEnabled":true},"in2DMode":false,"pivot":{"x":-0.24469318985939027,"y":-0.3377883732318878,"z":0.0892648845911026},"rotation":{"x":0.15751856565475465,"y":-0.5182279944419861,"z":0.08676667511463165,"w":0.8361663818359375},"size":0.858596682548523,"orthographic":false}