{"cameraMode":{"drawMode":0,"name":"Shaded","section":"Shading Mode"},"sceneLighting":false,"audioPlay":false,"sceneViewState":{"m_AlwaysRefresh":false,"showFog":true,"showSkybox":false,"showFlares":true,"showImageEffects":true,"showParticleSystems":true,"showVisualEffectGraphs":true,"m_FxEnabled":true},"in2DMode":false,"pivot":{"x":5.960464477539063e-8,"y":-0.05210205912590027,"z":-0.3427484333515167},"rotation":{"x":-0.028757089748978616,"y":-0.40734100341796877,"z":0.012843835167586804,"w":-0.9127727746963501},"size":0.6145572662353516,"orthographic":false}