{"cameraMode":{"drawMode":0,"name":"Shaded","section":"Shading Mode"},"sceneLighting":false,"audioPlay":false,"sceneViewState":{"m_AlwaysRefresh":false,"showFog":true,"showSkybox":false,"showFlares":true,"showImageEffects":true,"showParticleSystems":true,"showVisualEffectGraphs":true,"m_FxEnabled":true},"in2DMode":false,"pivot":{"x":-0.8342968821525574,"y":-1.3217695951461793,"z":-2.1879231929779054},"rotation":{"x":-0.0068481857888400558,"y":-0.9795080423355103,"z":0.19913999736309052,"w":0.03397626429796219},"size":3.5251946449279787,"orthographic":false}