{"cameraMode":{"drawMode":0,"name":"Shaded","section":"Shading Mode"},"sceneLighting":false,"audioPlay":false,"sceneViewState":{"m_AlwaysRefresh":false,"showFog":true,"showSkybox":false,"showFlares":true,"showImageEffects":true,"showParticleSystems":true,"showVisualEffectGraphs":true,"m_FxEnabled":true},"in2DMode":false,"pivot":{"x":19.0674991607666,"y":4.106362342834473,"z":16.891502380371095},"rotation":{"x":-0.10612804442644119,"y":-0.9019700288772583,"z":0.23536133766174317,"w":-0.34664589166641238},"size":0.20511093735694886,"orthographic":false}