{"cameraMode":{"drawMode":0,"name":"Shaded","section":"Shading Mode"},"sceneLighting":false,"audioPlay":false,"sceneViewState":{"m_AlwaysRefresh":false,"showFog":true,"showSkybox":false,"showFlares":true,"showImageEffects":true,"showParticleSystems":true,"showVisualEffectGraphs":true,"m_FxEnabled":false},"in2DMode":false,"pivot":{"x":3.8486456871032717,"y":-0.6597708463668823,"z":0.4384029507637024},"rotation":{"x":0.0928867906332016,"y":0.7942438125610352,"z":-0.12565365433692933,"w":0.5871778726577759},"size":3.1099119186401369,"orthographic":false}