{"cameraMode":{"drawMode":0,"name":"Shaded","section":"Shading Mode"},"sceneLighting":false,"audioPlay":false,"sceneViewState":{"m_AlwaysRefresh":false,"showFog":false,"showSkybox":false,"showFlares":false,"showImageEffects":false,"showParticleSystems":false,"showVisualEffectGraphs":true,"m_FxEnabled":true},"in2DMode":false,"pivot":{"x":0.05622648075222969,"y":1.4471244812011719,"z":2.2054107189178469},"rotation":{"x":-0.00013497825420927256,"y":0.9995402693748474,"z":-0.004497867543250322,"w":-0.029995210468769075},"size":0.17225007712841035,"orthographic":false}