{"cameraMode":{"drawMode":0,"name":"Shaded","section":"Shading Mode"},"sceneLighting":false,"audioPlay":false,"sceneViewState":{"m_AlwaysRefresh":false,"showFog":true,"showSkybox":false,"showFlares":true,"showImageEffects":true,"showParticleSystems":true,"showVisualEffectGraphs":true,"m_FxEnabled":true},"in2DMode":false,"pivot":{"x":-1.0912251472473145,"y":3.7651591300964357,"z":1.0912243127822877},"rotation":{"x":-0.028725165873765947,"y":0.9265426993370056,"z":-0.3648368716239929,"w":-0.08732946217060089},"size":0.2619273066520691,"orthographic":false}