{"cameraMode":{"drawMode":0,"name":"Shaded","section":"Shading Mode"},"sceneLighting":false,"audioPlay":false,"sceneViewState":{"m_AlwaysRefresh":false,"showFog":true,"showSkybox":false,"showFlares":true,"showImageEffects":true,"showParticleSystems":true,"showVisualEffectGraphs":true,"m_FxEnabled":true},"in2DMode":false,"pivot":{"x":-0.4432511329650879,"y":0.3319469392299652,"z":0.021178442984819413},"rotation":{"x":-0.13805130124092103,"y":-0.7250081300735474,"z":0.1522577404975891,"w":-0.6573610901832581},"size":0.20730775594711305,"orthographic":false}