{"cameraMode":{"drawMode":0,"name":"Shaded","section":"Shading Mode"},"sceneLighting":false,"audioPlay":false,"sceneViewState":{"m_AlwaysRefresh":false,"showFog":true,"showSkybox":false,"showFlares":true,"showImageEffects":true,"showParticleSystems":true,"showVisualEffectGraphs":true,"m_FxEnabled":true},"in2DMode":false,"pivot":{"x":0.3220119774341583,"y":2.2096238136291506,"z":-0.5701020359992981},"rotation":{"x":0.06347374618053436,"y":-0.8642045855522156,"z":0.09443897753953934,"w":0.49052608013153078},"size":3.2885348796844484,"orthographic":false}