{"cameraMode":{"drawMode":0,"name":"Shaded","section":"Shading Mode"},"sceneLighting":false,"audioPlay":false,"sceneViewState":{"m_AlwaysRefresh":false,"showFog":true,"showSkybox":false,"showFlares":true,"showImageEffects":true,"showParticleSystems":true,"showVisualEffectGraphs":true,"m_FxEnabled":true},"in2DMode":false,"pivot":{"x":1.5209743976593018,"y":2.446707248687744,"z":0.38497358560562136},"rotation":{"x":0.32235389947891238,"y":-0.4954778552055359,"z":0.20472614467144013,"w":0.7802071571350098},"size":2.0360019207000734,"orthographic":false}