{"cameraMode":{"drawMode":0,"name":"Shaded","section":"Shading Mode"},"sceneLighting":false,"audioPlay":false,"sceneViewState":{"m_AlwaysRefresh":false,"showFog":true,"showSkybox":false,"showFlares":true,"showImageEffects":true,"showParticleSystems":true,"showVisualEffectGraphs":true,"m_FxEnabled":true},"in2DMode":false,"pivot":{"x":-1.9113351106643677,"y":1.8974146842956544,"z":0.8331760168075562},"rotation":{"x":-0.07286550849676132,"y":-0.6202451586723328,"z":0.06953860074281693,"w":-0.7780457139015198},"size":3.5302727222442629,"orthographic":false}