{"cameraMode":{"drawMode":0,"name":"Shaded","section":"Shading Mode"},"sceneLighting":false,"audioPlay":false,"sceneViewState":{"m_AlwaysRefresh":false,"showFog":true,"showSkybox":false,"showFlares":true,"showImageEffects":true,"showParticleSystems":true,"showVisualEffectGraphs":true,"m_FxEnabled":true},"in2DMode":false,"pivot":{"x":0.16907328367233277,"y":0.6143546104431152,"z":0.0488743782043457},"rotation":{"x":0.015038968995213509,"y":-0.9614123106002808,"z":0.25133177638053896,"w":0.11223326623439789},"size":1.5191943645477296,"orthographic":false}