{"cameraMode":{"drawMode":0,"name":"Shaded","section":"Shading Mode"},"sceneLighting":false,"audioPlay":false,"sceneViewState":{"m_AlwaysRefresh":false,"showFog":true,"showSkybox":false,"showFlares":true,"showImageEffects":true,"showParticleSystems":true,"showVisualEffectGraphs":true,"m_FxEnabled":true},"in2DMode":false,"pivot":{"x":-1.0789107084274293,"y":-0.3409130573272705,"z":-0.07213621586561203},"rotation":{"x":-0.2782149612903595,"y":0.6537666320800781,"z":-0.30995461344718935,"w":-0.6320990920066834},"size":1.7936922311782838,"orthographic":false}