{"cameraMode":{"drawMode":0,"name":"Shaded","section":"Shading Mode"},"sceneLighting":false,"audioPlay":false,"sceneViewState":{"m_AlwaysRefresh":false,"showFog":true,"showSkybox":false,"showFlares":true,"showImageEffects":true,"showParticleSystems":true,"showVisualEffectGraphs":true,"m_FxEnabled":true},"in2DMode":false,"pivot":{"x":0.15344522893428803,"y":2.653489112854004,"z":-0.06963787227869034},"rotation":{"x":-0.2295764535665512,"y":0.01565084606409073,"z":-0.017825419083237649,"w":-0.9731515645980835},"size":1.8164604902267457,"orthographic":false}