{"cameraMode":{"drawMode":0,"name":"Shaded","section":"Shading Mode"},"sceneLighting":false,"audioPlay":false,"sceneViewState":{"m_AlwaysRefresh":false,"showFog":true,"showSkybox":false,"showFlares":true,"showImageEffects":true,"showParticleSystems":true,"showVisualEffectGraphs":true,"m_FxEnabled":true},"in2DMode":false,"pivot":{"x":0.11182105541229248,"y":0.7335930466651917,"z":0.2365172803401947},"rotation":{"x":-0.0158868208527565,"y":-0.9866956472396851,"z":0.07212147116661072,"w":-0.14497797191143037},"size":0.8711323142051697,"orthographic":false}