{"cameraMode":{"drawMode":0,"name":"Shaded","section":"Shading Mode"},"sceneLighting":false,"audioPlay":false,"sceneViewState":{"m_AlwaysRefresh":true,"showFog":true,"showSkybox":false,"showFlares":true,"showImageEffects":true,"showParticleSystems":true,"showVisualEffectGraphs":false,"m_FxEnabled":true},"in2DMode":false,"pivot":{"x":-0.03112166002392769,"y":-0.13114377856254579,"z":-0.10131745785474777},"rotation":{"x":0.2634773254394531,"y":-0.12831658124923707,"z":-0.03565898910164833,"w":-0.9554787874221802},"size":0.25306522846221926,"orthographic":false}