{"cameraMode":{"drawMode":0,"name":"Shaded","section":"Shading Mode"},"sceneLighting":false,"audioPlay":false,"sceneViewState":{"m_AlwaysRefresh":true,"showFog":true,"showSkybox":false,"showFlares":true,"showImageEffects":true,"showParticleSystems":true,"showVisualEffectGraphs":false,"m_FxEnabled":true},"in2DMode":false,"pivot":{"x":0.47327736020088198,"y":0.30117321014404299,"z":-0.5797008872032166},"rotation":{"x":0.06608835607767105,"y":0.9187530279159546,"z":-0.16832120716571809,"w":0.3514383137226105},"size":0.9636190533638,"orthographic":false}