{"cameraMode":{"drawMode":0,"name":"Shaded","section":"Shading Mode"},"sceneLighting":false,"audioPlay":false,"sceneViewState":{"m_AlwaysRefresh":false,"showFog":true,"showSkybox":false,"showFlares":true,"showImageEffects":true,"showParticleSystems":true,"showVisualEffectGraphs":true,"m_FxEnabled":true},"in2DMode":false,"pivot":{"x":-0.6047783493995667,"y":1.0408704280853272,"z":0.06615479290485382},"rotation":{"x":0.06786150485277176,"y":-0.7099841237068176,"z":0.08904353529214859,"w":0.6954799890518189},"size":1.9417941570281983,"orthographic":false}