{"cameraMode":{"drawMode":0,"name":"Shaded","section":"Shading Mode"},"sceneLighting":true,"audioPlay":false,"sceneViewState":{"m_AlwaysRefresh":false,"showFog":true,"showSkybox":false,"showFlares":true,"showImageEffects":true,"showParticleSystems":true,"showVisualEffectGraphs":true,"m_FxEnabled":true},"in2DMode":false,"pivot":{"x":-0.154324010014534,"y":1.652908444404602,"z":0.07487932592630387},"rotation":{"x":-0.02868986874818802,"y":-0.9310343265533447,"z":0.059870969504117969,"w":-0.35889875888824465},"size":0.9636220932006836,"orthographic":false}