{"cameraMode":{"drawMode":0,"name":"Shaded","section":"Shading Mode"},"sceneLighting":false,"audioPlay":false,"sceneViewState":{"m_AlwaysRefresh":false,"showFog":true,"showSkybox":false,"showFlares":true,"showImageEffects":true,"showParticleSystems":true,"showVisualEffectGraphs":true,"m_FxEnabled":true},"in2DMode":false,"pivot":{"x":-0.18429410457611085,"y":-0.2492029219865799,"z":0.25161170959472659},"rotation":{"x":-0.006800438743084669,"y":0.9351385831832886,"z":-0.35391145944595339,"w":-0.017969831824302675},"size":1.768477201461792,"orthographic":false}