{"cameraMode":{"drawMode":0,"name":"Shaded","section":"Shading Mode"},"sceneLighting":false,"audioPlay":false,"sceneViewState":{"m_AlwaysRefresh":false,"showFog":true,"showSkybox":false,"showFlares":true,"showImageEffects":true,"showParticleSystems":true,"showVisualEffectGraphs":true,"m_FxEnabled":true},"in2DMode":false,"pivot":{"x":0.23258709907531739,"y":2.0641250610351564,"z":-2.0509791374206545},"rotation":{"x":0.00882913637906313,"y":-0.9770765900611877,"z":0.2101566046476364,"w":0.04356503486633301},"size":3.841447114944458,"orthographic":false}