{"cameraMode":{"drawMode":0,"name":"Shaded","section":"Shading Mode"},"sceneLighting":false,"audioPlay":false,"sceneViewState":{"m_AlwaysRefresh":false,"showFog":true,"showSkybox":false,"showFlares":true,"showImageEffects":true,"showParticleSystems":true,"showVisualEffectGraphs":true,"m_FxEnabled":true},"in2DMode":false,"pivot":{"x":-0.3338739275932312,"y":1.2558528184890748,"z":1.3927289247512818},"rotation":{"x":0.14271238446235658,"y":0.8059241771697998,"z":-0.21603180468082429,"w":0.5324000716209412},"size":1.768473744392395,"orthographic":false}