{"cameraMode":{"drawMode":0,"name":"Shaded","section":"Shading Mode"},"sceneLighting":false,"audioPlay":false,"sceneViewState":{"m_AlwaysRefresh":false,"showFog":true,"showSkybox":false,"showFlares":true,"showImageEffects":true,"showParticleSystems":true,"showVisualEffectGraphs":true,"m_FxEnabled":true},"in2DMode":false,"pivot":{"x":0.5242166519165039,"y":2.477266550064087,"z":0.46709465980529787},"rotation":{"x":-0.07286550849676132,"y":-0.6202451586723328,"z":0.06953860074281693,"w":-0.7780457139015198},"size":2.6932623386383058,"orthographic":false}