{"cameraMode":{"drawMode":0,"name":"Shaded","section":"Shading Mode"},"sceneLighting":false,"audioPlay":false,"sceneViewState":{"m_AlwaysRefresh":false,"showFog":true,"showSkybox":false,"showFlares":true,"showImageEffects":true,"showParticleSystems":true,"showVisualEffectGraphs":true,"m_FxEnabled":true},"in2DMode":false,"pivot":{"x":-0.1631232351064682,"y":-0.5735219717025757,"z":0.18076394498348237},"rotation":{"x":0.42606738209724429,"y":-0.029845844954252244,"z":0.014065340161323548,"w":0.904089629650116},"size":1.768477201461792,"orthographic":false}