{"cameraMode":{"drawMode":0,"name":"Shaded","section":"Shading Mode"},"sceneLighting":false,"audioPlay":false,"sceneViewState":{"m_AlwaysRefresh":false,"showFog":true,"showSkybox":false,"showFlares":true,"showImageEffects":true,"showParticleSystems":true,"showVisualEffectGraphs":true,"m_FxEnabled":true},"in2DMode":false,"pivot":{"x":1.382692575454712,"y":1.348939061164856,"z":1.70014226436615},"rotation":{"x":0.048668842762708667,"y":0.003745423164218664,"z":0.013567847199738026,"w":0.99886554479599},"size":3.2019524574279787,"orthographic":false}