{"cameraMode":{"drawMode":0,"name":"Shaded","section":"Shading Mode"},"sceneLighting":false,"audioPlay":false,"sceneViewState":{"m_AlwaysRefresh":false,"showFog":false,"showSkybox":false,"showFlares":false,"showImageEffects":false,"showParticleSystems":false,"showVisualEffectGraphs":false,"m_FxEnabled":true},"in2DMode":false,"pivot":{"x":-0.11332769691944123,"y":1.4462603330612183,"z":-0.2856566905975342},"rotation":{"x":0.003120559500530362,"y":-0.994866132736206,"z":0.09760057181119919,"w":0.028334200382232667},"size":1.3224501609802247,"orthographic":false}