{"cameraMode":{"drawMode":0,"name":"Shaded","section":"Shading Mode"},"sceneLighting":false,"audioPlay":false,"sceneViewState":{"m_AlwaysRefresh":false,"showFog":true,"showSkybox":false,"showFlares":true,"showImageEffects":true,"showParticleSystems":true,"showVisualEffectGraphs":true,"m_FxEnabled":true},"in2DMode":false,"pivot":{"x":-0.20258814096450807,"y":1.3515681028366089,"z":-0.3685707449913025},"rotation":{"x":-0.19443540275096894,"y":-0.7968778610229492,"z":0.2852937877178192,"w":-0.4960613250732422},"size":1.7645001411437989,"orthographic":false}