{"cameraMode":{"drawMode":0,"name":"Shaded","section":"Shading Mode"},"sceneLighting":false,"audioPlay":false,"sceneViewState":{"m_AlwaysRefresh":false,"showFog":true,"showSkybox":false,"showFlares":true,"showImageEffects":true,"showParticleSystems":true,"showVisualEffectGraphs":true,"m_FxEnabled":true},"in2DMode":false,"pivot":{"x":0.520727813243866,"y":0.39587846398353579,"z":1.5074714422225953},"rotation":{"x":-0.32066643238067629,"y":0.019516129046678544,"z":-0.0121476324275136,"w":-0.9469339847564697},"size":1.2635550498962403,"orthographic":false}