{"cameraMode":{"drawMode":0,"name":"Shaded","section":"Shading Mode"},"sceneLighting":false,"audioPlay":false,"sceneViewState":{"m_AlwaysRefresh":true,"showFog":true,"showSkybox":false,"showFlares":true,"showImageEffects":true,"showParticleSystems":true,"showVisualEffectGraphs":false,"m_FxEnabled":true},"in2DMode":false,"pivot":{"x":-0.2770775556564331,"y":0.9936747550964356,"z":-0.17110475897789002},"rotation":{"x":0.20237362384796143,"y":-0.7082737684249878,"z":0.2246919721364975,"w":0.6379123330116272},"size":1.2812196016311646,"orthographic":false}