{"cameraMode":{"drawMode":0,"name":"Shaded","section":"Shading Mode"},"sceneLighting":false,"audioPlay":false,"sceneViewState":{"m_AlwaysRefresh":false,"showFog":true,"showSkybox":false,"showFlares":true,"showImageEffects":true,"showParticleSystems":true,"showVisualEffectGraphs":true,"m_FxEnabled":false},"in2DMode":false,"pivot":{"x":0.21886444091796876,"y":8.0806303024292,"z":0.22322559356689454},"rotation":{"x":0.11315281689167023,"y":-0.5981847643852234,"z":0.08582346141338349,"w":0.7886756062507629},"size":5.0009355545043949,"orthographic":false}