{"cameraMode":{"drawMode":0,"name":"Shaded","section":"Shading Mode"},"sceneLighting":false,"audioPlay":false,"sceneViewState":{"m_AlwaysRefresh":false,"showFog":true,"showSkybox":false,"showFlares":true,"showImageEffects":true,"showParticleSystems":true,"showVisualEffectGraphs":true,"m_FxEnabled":true},"in2DMode":false,"pivot":{"x":0.14211112260818482,"y":0.1852685809135437,"z":0.08100485801696778},"rotation":{"x":-0.10212880373001099,"y":0.8297329545021057,"z":-0.16155306994915009,"w":-0.5245236754417419},"size":0.2662588059902191,"orthographic":false}