{"cameraMode":{"drawMode":0,"name":"Shaded","section":"Shading Mode"},"sceneLighting":false,"audioPlay":false,"sceneViewState":{"m_AlwaysRefresh":false,"showFog":true,"showSkybox":false,"showFlares":true,"showImageEffects":true,"showParticleSystems":true,"showVisualEffectGraphs":true,"m_FxEnabled":true},"in2DMode":false,"pivot":{"x":0.12103796005249024,"y":-0.11764061450958252,"z":1.7885624170303345},"rotation":{"x":-0.2732454836368561,"y":0.6304259300231934,"z":-0.26190662384033205,"w":-0.677749514579773},"size":1.2635550498962403,"orthographic":false}