{"cameraMode":{"drawMode":0,"name":"Shaded","section":"Shading Mode"},"sceneLighting":false,"audioPlay":false,"sceneViewState":{"m_AlwaysRefresh":false,"showFog":true,"showSkybox":false,"showFlares":true,"showImageEffects":true,"showParticleSystems":true,"showVisualEffectGraphs":true,"m_FxEnabled":false},"in2DMode":false,"pivot":{"x":-0.03857898712158203,"y":0.8363140225410461,"z":-0.07641911506652832},"rotation":{"x":0.043774813413619998,"y":-0.9086349010467529,"z":0.4034813940525055,"w":0.09848655760288239},"size":2.155334234237671,"orthographic":false}