{"cameraMode":{"drawMode":0,"name":"Shaded","section":"Shading Mode"},"sceneLighting":false,"audioPlay":false,"sceneViewState":{"m_AlwaysRefresh":false,"showFog":true,"showSkybox":false,"showFlares":true,"showImageEffects":true,"showParticleSystems":true,"showVisualEffectGraphs":true,"m_FxEnabled":false},"in2DMode":false,"pivot":{"x":0.32762935757637026,"y":0.1749395877122879,"z":-0.3773173689842224},"rotation":{"x":-0.15098969638347627,"y":0.3349305987358093,"z":-0.0541742742061615,"w":-0.9285573363304138},"size":0.02249130792915821,"orthographic":false}