{"cameraMode":{"drawMode":0,"name":"Shaded","section":"Shading Mode"},"sceneLighting":false,"audioPlay":false,"sceneViewState":{"m_AlwaysRefresh":false,"showFog":true,"showSkybox":false,"showFlares":true,"showImageEffects":true,"showParticleSystems":true,"showVisualEffectGraphs":true,"m_FxEnabled":true},"in2DMode":false,"pivot":{"x":4.470348358154297e-8,"y":0.25434786081314089,"z":1.4901161193847657e-8},"rotation":{"x":0.09211890399456024,"y":-0.18558017909526826,"z":0.017477350309491159,"w":0.9781461954116821},"size":0.3196345269680023,"orthographic":false}