{"cameraMode":{"drawMode":0,"name":"Shaded","section":"Shading Mode"},"sceneLighting":false,"audioPlay":false,"sceneViewState":{"m_AlwaysRefresh":false,"showFog":true,"showSkybox":false,"showFlares":true,"showImageEffects":true,"showParticleSystems":true,"showVisualEffectGraphs":true,"m_FxEnabled":false},"in2DMode":false,"pivot":{"x":-0.361063688993454,"y":0.06451865285634995,"z":0.3734860420227051},"rotation":{"x":-0.005350765306502581,"y":0.7006946802139282,"z":0.005255310330539942,"w":0.7134220004081726},"size":1.6008461713790894,"orthographic":false}