{"cameraMode":{"drawMode":0,"name":"Shaded","section":"Shading Mode"},"sceneLighting":false,"audioPlay":false,"sceneViewState":{"m_AlwaysRefresh":false,"showFog":true,"showSkybox":false,"showFlares":true,"showImageEffects":true,"showParticleSystems":true,"showVisualEffectGraphs":true,"m_FxEnabled":true},"in2DMode":false,"pivot":{"x":0.050000548362731937,"y":0.04999880865216255,"z":0.04999995231628418},"rotation":{"x":0.08727546036243439,"y":-0.8117015957832336,"z":0.15118105709552766,"w":0.55763840675354},"size":1.8391609191894532,"orthographic":false}