{"cameraMode":{"drawMode":0,"name":"Shaded","section":"Shading Mode"},"sceneLighting":false,"audioPlay":false,"sceneViewState":{"m_AlwaysRefresh":false,"showFog":true,"showSkybox":false,"showFlares":true,"showImageEffects":true,"showParticleSystems":true,"showVisualEffectGraphs":true,"m_FxEnabled":true},"in2DMode":false,"pivot":{"x":-0.5195019841194153,"y":0.5594262480735779,"z":1.64150869846344},"rotation":{"x":0.06347374618053436,"y":-0.8642045855522156,"z":0.09443897753953934,"w":0.49052608013153078},"size":1.8621480464935303,"orthographic":false}