{"cameraMode":{"drawMode":0,"name":"Shaded","section":"Shading Mode"},"sceneLighting":false,"audioPlay":false,"sceneViewState":{"m_AlwaysRefresh":false,"showFog":true,"showSkybox":false,"showFlares":true,"showImageEffects":true,"showParticleSystems":true,"showVisualEffectGraphs":true,"m_FxEnabled":true},"in2DMode":false,"pivot":{"x":0.15283635258674622,"y":0.6256355047225952,"z":-0.11842255294322968},"rotation":{"x":0.011112049221992493,"y":0.9910858273506165,"z":-0.12462053447961807,"w":0.046242259442806247},"size":1.0454432964324952,"orthographic":false}