{"cameraMode":{"drawMode":0,"name":"Shaded","section":"Shading Mode"},"sceneLighting":false,"audioPlay":false,"sceneViewState":{"m_AlwaysRefresh":false,"showFog":true,"showSkybox":false,"showFlares":true,"showImageEffects":true,"showParticleSystems":true,"showVisualEffectGraphs":true,"m_FxEnabled":true},"in2DMode":false,"pivot":{"x":-0.40511491894721987,"y":0.4783276319503784,"z":0.4532039761543274},"rotation":{"x":0.21292325854301454,"y":-0.5676529407501221,"z":0.17343194782733918,"w":0.7763124108314514},"size":1.0430299043655396,"orthographic":false}