{"cameraMode":{"drawMode":0,"name":"Shaded","section":"Shading Mode"},"sceneLighting":false,"audioPlay":false,"sceneViewState":{"m_AlwaysRefresh":false,"showFog":true,"showSkybox":false,"showFlares":true,"showImageEffects":true,"showParticleSystems":true,"showVisualEffectGraphs":true,"m_FxEnabled":true},"in2DMode":false,"pivot":{"x":-0.35957279801368716,"y":-0.37982434034347536,"z":0.32265639305114748},"rotation":{"x":0.18536308407783509,"y":-0.614538848400116,"z":0.17037662863731385,"w":0.7478289604187012},"size":1.7684773206710816,"orthographic":false}