{"cameraMode":{"drawMode":0,"name":"Shaded","section":"Shading Mode"},"sceneLighting":false,"audioPlay":false,"sceneViewState":{"m_AlwaysRefresh":false,"showFog":true,"showSkybox":false,"showFlares":true,"showImageEffects":true,"showParticleSystems":true,"showVisualEffectGraphs":true,"m_FxEnabled":true},"in2DMode":false,"pivot":{"x":0.09583892673254013,"y":0.9913377165794373,"z":-0.04600028321146965},"rotation":{"x":0.020959673449397088,"y":-0.9145136475563049,"z":0.4011785089969635,"w":0.04777955263853073},"size":0.5796922445297241,"orthographic":false}