{"cameraMode":{"drawMode":0,"name":"Shaded","section":"Shading Mode"},"sceneLighting":false,"audioPlay":false,"sceneViewState":{"m_AlwaysRefresh":false,"showFog":true,"showSkybox":false,"showFlares":true,"showImageEffects":true,"showParticleSystems":true,"showVisualEffectGraphs":true,"m_FxEnabled":true},"in2DMode":false,"pivot":{"x":5.285548686981201,"y":1.1483750343322755,"z":68.75857543945313},"rotation":{"x":-0.4105151891708374,"y":-0.0011041942052543164,"z":0.00047737921704538167,"w":-0.9118778109550476},"size":2.628530740737915,"orthographic":false}