{"cameraMode":{"drawMode":0,"name":"Shaded","section":"Shading Mode"},"sceneLighting":false,"audioPlay":false,"sceneViewState":{"m_AlwaysRefresh":false,"showFog":true,"showSkybox":false,"showFlares":true,"showImageEffects":true,"showParticleSystems":true,"showVisualEffectGraphs":true,"m_FxEnabled":true},"in2DMode":false,"pivot":{"x":0.21823260188102723,"y":0.8214684128761292,"z":0.6712742447853088},"rotation":{"x":-0.006554977502673864,"y":0.9876261949539185,"z":-0.15079054236412049,"w":-0.04297473654150963},"size":1.5338597297668458,"orthographic":false}