{"cameraMode":{"drawMode":0,"name":"Shaded","section":"Shading Mode"},"sceneLighting":false,"audioPlay":false,"sceneViewState":{"m_AlwaysRefresh":false,"showFog":true,"showSkybox":false,"showFlares":true,"showImageEffects":true,"showParticleSystems":true,"showVisualEffectGraphs":true,"m_FxEnabled":false},"in2DMode":false,"pivot":{"x":-0.09377633035182953,"y":-0.4269826412200928,"z":-0.06434853374958039},"rotation":{"x":0.019856341183185579,"y":-0.9328698515892029,"z":0.35623618960380556,"w":0.051196496933698657},"size":0.42386624217033389,"orthographic":false}