{"cameraMode":{"drawMode":0,"name":"Shaded","section":"Shading Mode"},"sceneLighting":false,"audioPlay":false,"sceneViewState":{"m_AlwaysRefresh":false,"showFog":true,"showSkybox":false,"showFlares":true,"showImageEffects":true,"showParticleSystems":true,"showVisualEffectGraphs":true,"m_FxEnabled":true},"in2DMode":false,"pivot":{"x":0.09371878206729889,"y":0.0536574125289917,"z":0.004015564918518066},"rotation":{"x":0.2215149700641632,"y":-0.6664509773254395,"z":0.21782392263412476,"w":0.6777387261390686},"size":2.2513959407806398,"orthographic":false}