{"cameraMode":{"drawMode":0,"name":"Shaded","section":"Shading Mode"},"sceneLighting":false,"audioPlay":false,"sceneViewState":{"m_AlwaysRefresh":false,"showFog":true,"showSkybox":false,"showFlares":true,"showImageEffects":true,"showParticleSystems":true,"showVisualEffectGraphs":true,"m_FxEnabled":true},"in2DMode":false,"pivot":{"x":0.09064286202192307,"y":0.8727800846099854,"z":0.126560240983963},"rotation":{"x":0.1252661645412445,"y":-0.3726045489311218,"z":0.06589150428771973,"w":0.9173023104667664},"size":1.5613446235656739,"orthographic":false}