{"cameraMode":{"drawMode":0,"name":"Shaded","section":"Shading Mode"},"sceneLighting":false,"audioPlay":false,"sceneViewState":{"m_AlwaysRefresh":false,"showFog":true,"showSkybox":false,"showFlares":true,"showImageEffects":true,"showParticleSystems":true,"showVisualEffectGraphs":true,"m_FxEnabled":true},"in2DMode":false,"pivot":{"x":-0.26730820536613467,"y":1.1142452955245972,"z":1.8388922214508057},"rotation":{"x":-0.10629035532474518,"y":0.10352584719657898,"z":-0.01642771065235138,"w":-0.9888144135475159},"size":2.358736038208008,"orthographic":false}