{"cameraMode":{"drawMode":0,"name":"Shaded","section":"Shading Mode"},"sceneLighting":false,"audioPlay":false,"sceneViewState":{"m_AlwaysRefresh":false,"showFog":true,"showSkybox":false,"showFlares":true,"showImageEffects":true,"showParticleSystems":true,"showVisualEffectGraphs":true,"m_FxEnabled":true},"in2DMode":false,"pivot":{"x":0.5939861536026001,"y":0.9397436380386353,"z":-1.1541006565093995},"rotation":{"x":0.062807098031044,"y":0.43615153431892397,"z":-0.030004356056451799,"w":0.8975836634635925},"size":1.3790879249572755,"orthographic":false}