{"cameraMode":{"drawMode":0,"name":"Shaded","section":"Shading Mode"},"sceneLighting":false,"audioPlay":false,"sceneViewState":{"m_AlwaysRefresh":false,"showFog":true,"showSkybox":false,"showFlares":true,"showImageEffects":true,"showParticleSystems":true,"showVisualEffectGraphs":true,"m_FxEnabled":true},"in2DMode":false,"pivot":{"x":-0.42032068967819216,"y":0.3753788471221924,"z":0.6791414022445679},"rotation":{"x":-0.011317906901240349,"y":-0.9885950088500977,"z":0.11258772015571594,"w":-0.09939464181661606},"size":0.6018744707107544,"orthographic":false}