{"cameraMode":{"drawMode":0,"name":"Shaded","section":"Shading Mode"},"sceneLighting":false,"audioPlay":false,"sceneViewState":{"m_AlwaysRefresh":false,"showFog":true,"showSkybox":false,"showFlares":true,"showImageEffects":true,"showParticleSystems":true,"showVisualEffectGraphs":true,"m_FxEnabled":true},"in2DMode":false,"pivot":{"x":-0.20458149909973145,"y":1.6137750148773194,"z":-1.250000238418579},"rotation":{"x":-0.03643904998898506,"y":0.9224624633789063,"z":-0.37369272112846377,"w":-0.08995015919208527},"size":1.5250622034072877,"orthographic":false}