{"cameraMode":{"drawMode":0,"name":"Shaded","section":"Shading Mode"},"sceneLighting":false,"audioPlay":false,"sceneViewState":{"m_AlwaysRefresh":false,"showFog":true,"showSkybox":false,"showFlares":true,"showImageEffects":true,"showParticleSystems":true,"showVisualEffectGraphs":true,"m_FxEnabled":true},"in2DMode":false,"pivot":{"x":-0.6570167541503906,"y":0.5465965867042542,"z":-0.10235093533992768},"rotation":{"x":-0.18537172675132752,"y":-0.7378169298171997,"z":0.2246008962392807,"w":-0.6089491844177246},"size":0.29600346088409426,"orthographic":false}