{"cameraMode":{"drawMode":0,"name":"Shaded","section":"Shading Mode"},"sceneLighting":false,"audioPlay":false,"sceneViewState":{"m_AlwaysRefresh":false,"showFog":true,"showSkybox":false,"showFlares":true,"showImageEffects":true,"showParticleSystems":true,"showVisualEffectGraphs":true,"m_FxEnabled":true},"in2DMode":false,"pivot":{"x":-0.3306533396244049,"y":-0.2493552416563034,"z":0.5500357151031494},"rotation":{"x":-0.04466112330555916,"y":0.9189185500144959,"z":0.15060582756996156,"w":0.36222198605537417},"size":0.25306522846221926,"orthographic":false}