{"cameraMode":{"drawMode":0,"name":"Shaded","section":"Shading Mode"},"sceneLighting":false,"audioPlay":false,"sceneViewState":{"m_AlwaysRefresh":false,"showFog":true,"showSkybox":false,"showFlares":true,"showImageEffects":true,"showParticleSystems":true,"showVisualEffectGraphs":true,"m_FxEnabled":true},"in2DMode":false,"pivot":{"x":-1.4901161193847657e-8,"y":0.6811712980270386,"z":-2.9802322387695315e-8},"rotation":{"x":0.07955511659383774,"y":0.7346295118331909,"z":-0.08746621757745743,"w":0.6681123971939087},"size":0.7261580228805542,"orthographic":false}