{"cameraMode":{"drawMode":0,"name":"Shaded","section":"Shading Mode"},"sceneLighting":false,"audioPlay":false,"sceneViewState":{"m_AlwaysRefresh":false,"showFog":true,"showSkybox":false,"showFlares":true,"showImageEffects":true,"showParticleSystems":true,"showVisualEffectGraphs":true,"m_FxEnabled":true},"in2DMode":false,"pivot":{"x":-0.5448753833770752,"y":2.530421257019043,"z":0.28670358657836916},"rotation":{"x":0.08477813750505448,"y":0.9267116785049439,"z":-0.22469228506088258,"w":0.2895212471485138},"size":2.359025239944458,"orthographic":false}