{"cameraMode":{"drawMode":0,"name":"Shaded","section":"Shading Mode"},"sceneLighting":false,"audioPlay":false,"sceneViewState":{"m_AlwaysRefresh":false,"showFog":true,"showSkybox":false,"showFlares":true,"showImageEffects":true,"showParticleSystems":true,"showVisualEffectGraphs":true,"m_FxEnabled":true},"in2DMode":false,"pivot":{"x":0.036793362349271777,"y":0.7524462938308716,"z":-0.13419102132320405},"rotation":{"x":0.2996135950088501,"y":-0.40934592485427859,"z":0.1611396223306656,"w":0.84676194190979},"size":0.8000765442848206,"orthographic":false}