{"cameraMode":{"drawMode":0,"name":"Shaded","section":"Shading Mode"},"sceneLighting":false,"audioPlay":false,"sceneViewState":{"m_AlwaysRefresh":false,"showFog":true,"showSkybox":false,"showFlares":true,"showImageEffects":true,"showParticleSystems":true,"showVisualEffectGraphs":true,"m_FxEnabled":true},"in2DMode":false,"pivot":{"x":1.3991806507110596,"y":0.9367265701293945,"z":2.6188480854034426},"rotation":{"x":0.4530850052833557,"y":0.05049198120832443,"z":-0.010271777398884297,"w":0.8901421427726746},"size":2.0049936771392824,"orthographic":false}