{"cameraMode":{"drawMode":0,"name":"Shaded","section":"Shading Mode"},"sceneLighting":false,"audioPlay":false,"sceneViewState":{"m_AlwaysRefresh":false,"showFog":true,"showSkybox":false,"showFlares":true,"showImageEffects":true,"showParticleSystems":true,"showVisualEffectGraphs":true,"m_FxEnabled":true},"in2DMode":false,"pivot":{"x":0.02089667320251465,"y":0.6472015976905823,"z":-2.384185791015625e-7},"rotation":{"x":0.15520693361759187,"y":-0.7179696559906006,"z":0.19232897460460664,"w":0.6509579420089722},"size":0.981561541557312,"orthographic":false}