{"cameraMode":{"drawMode":0,"name":"Shaded","section":"Shading Mode"},"sceneLighting":false,"audioPlay":false,"sceneViewState":{"m_AlwaysRefresh":false,"showFog":true,"showSkybox":false,"showFlares":true,"showImageEffects":true,"showParticleSystems":true,"showVisualEffectGraphs":true,"m_FxEnabled":true},"in2DMode":false,"pivot":{"x":-2.622267246246338,"y":0.6048188209533691,"z":0.9993266463279724},"rotation":{"x":-0.10179433971643448,"y":-0.028054235503077508,"z":0.0028590108267962934,"w":-0.994427502155304},"size":2.7933664321899416,"orthographic":false}