{"cameraMode":{"drawMode":0,"name":"Shaded","section":"Shading Mode"},"sceneLighting":false,"audioPlay":false,"sceneViewState":{"m_AlwaysRefresh":true,"showFog":true,"showSkybox":false,"showFlares":true,"showImageEffects":true,"showParticleSystems":true,"showVisualEffectGraphs":false,"m_FxEnabled":true},"in2DMode":false,"pivot":{"x":-0.00023651123046875,"y":0.4895086884498596,"z":-0.0010882019996643067},"rotation":{"x":-0.1993820071220398,"y":0.7477231621742249,"z":-0.25873613357543948,"w":-0.5783791542053223},"size":1.320390224456787,"orthographic":false}