{"cameraMode":{"drawMode":0,"name":"Shaded","section":"Shading Mode"},"sceneLighting":false,"audioPlay":false,"sceneViewState":{"m_AlwaysRefresh":false,"showFog":true,"showSkybox":false,"showFlares":true,"showImageEffects":true,"showParticleSystems":true,"showVisualEffectGraphs":true,"m_FxEnabled":false},"in2DMode":false,"pivot":{"x":0.09245896339416504,"y":1.722790002822876,"z":0.03167217969894409},"rotation":{"x":0.043774813413619998,"y":-0.9086349010467529,"z":0.4034813940525055,"w":0.09848655760288239},"size":2.0021681785583498,"orthographic":false}