{"cameraMode":{"drawMode":0,"name":"Shaded","section":"Shading Mode"},"sceneLighting":false,"audioPlay":false,"sceneViewState":{"m_AlwaysRefresh":false,"showFog":true,"showSkybox":false,"showFlares":true,"showImageEffects":true,"showParticleSystems":true,"showVisualEffectGraphs":true,"m_FxEnabled":true},"in2DMode":false,"pivot":{"x":0.5522780418395996,"y":0.9698829054832459,"z":0.13617880642414094},"rotation":{"x":-0.2318175733089447,"y":0.6962451934814453,"z":-0.26670506596565249,"w":-0.6248297691345215},"size":1.6569212675094605,"orthographic":false}