{"cameraMode":{"drawMode":0,"name":"Shaded","section":"Shading Mode"},"sceneLighting":false,"audioPlay":false,"sceneViewState":{"m_AlwaysRefresh":false,"showFog":true,"showSkybox":false,"showFlares":true,"showImageEffects":true,"showParticleSystems":true,"showVisualEffectGraphs":true,"m_FxEnabled":true},"in2DMode":false,"pivot":{"x":-0.15381020307540894,"y":-0.3920721709728241,"z":-0.0874323770403862},"rotation":{"x":-0.28351977467536929,"y":0.17541392147541047,"z":-0.058426424860954288,"w":-0.9409953355789185},"size":0.6922569870948792,"orthographic":false}