{"cameraMode":{"drawMode":0,"name":"Shaded","section":"Shading Mode"},"sceneLighting":false,"audioPlay":false,"sceneViewState":{"m_AlwaysRefresh":false,"showFog":true,"showSkybox":false,"showFlares":true,"showImageEffects":true,"showParticleSystems":true,"showVisualEffectGraphs":true,"m_FxEnabled":true},"in2DMode":false,"pivot":{"x":0.28747648000717165,"y":2.9802322387695315e-8,"z":5.960464477539063e-8},"rotation":{"x":0.1987897753715515,"y":-0.6223010420799255,"z":0.1873718947172165,"w":0.7337720394134522},"size":0.7150505185127258,"orthographic":false}