{"cameraMode":{"drawMode":0,"name":"Shaded","section":"Shading Mode"},"sceneLighting":false,"audioPlay":false,"sceneViewState":{"m_AlwaysRefresh":false,"showFog":true,"showSkybox":false,"showFlares":true,"showImageEffects":true,"showParticleSystems":true,"showVisualEffectGraphs":true,"m_FxEnabled":true},"in2DMode":false,"pivot":{"x":1.0451897382736207,"y":2.4816744327545168,"z":1.448716640472412},"rotation":{"x":0.24451951682567597,"y":0.0500604473054409,"z":0.0015516341663897038,"w":0.9685020446777344},"size":2.0199055671691896,"orthographic":false}