{"cameraMode":{"drawMode":0,"name":"Shaded","section":"Shading Mode"},"sceneLighting":false,"audioPlay":false,"sceneViewState":{"m_AlwaysRefresh":false,"showFog":true,"showSkybox":false,"showFlares":true,"showImageEffects":true,"showParticleSystems":true,"showVisualEffectGraphs":true,"m_FxEnabled":true},"in2DMode":false,"pivot":{"x":0.48138976097106936,"y":1.1009234189987183,"z":-0.1278465837240219},"rotation":{"x":0.10170745104551316,"y":-0.7127623558044434,"z":0.1263614445924759,"w":0.6826141476631165},"size":0.9601161479949951,"orthographic":false}