{"cameraMode":{"drawMode":0,"name":"Shaded","section":"Shading Mode"},"sceneLighting":false,"audioPlay":false,"sceneViewState":{"m_AlwaysRefresh":false,"showFog":true,"showSkybox":false,"showFlares":true,"showImageEffects":true,"showParticleSystems":true,"showVisualEffectGraphs":true,"m_FxEnabled":true},"in2DMode":false,"pivot":{"x":-0.05094718188047409,"y":1.6079472303390504,"z":0.36627066135406496},"rotation":{"x":0.09318854659795761,"y":-0.8923024535179138,"z":0.28892281651496889,"w":0.33455920219421389},"size":2.359031915664673,"orthographic":false}