{"cameraMode":{"drawMode":0,"name":"Shaded","section":"Shading Mode"},"sceneLighting":false,"audioPlay":false,"sceneViewState":{"m_AlwaysRefresh":false,"showFog":true,"showSkybox":false,"showFlares":true,"showImageEffects":true,"showParticleSystems":true,"showVisualEffectGraphs":true,"m_FxEnabled":true},"in2DMode":false,"pivot":{"x":0.1281779259443283,"y":0.2719745635986328,"z":-0.042646534740924838},"rotation":{"x":0.22785378992557527,"y":-0.6052836179733276,"z":0.2066231369972229,"w":0.7343898415565491},"size":0.6496608853340149,"orthographic":false}