{"cameraMode":{"drawMode":0,"name":"Shaded","section":"Shading Mode"},"sceneLighting":false,"audioPlay":false,"sceneViewState":{"m_AlwaysRefresh":false,"showFog":true,"showSkybox":false,"showFlares":true,"showImageEffects":true,"showParticleSystems":true,"showVisualEffectGraphs":true,"m_FxEnabled":true},"in2DMode":false,"pivot":{"x":-1.7156522274017335,"y":1.9751958847045899,"z":0.18643929064273835},"rotation":{"x":0.17324799299240113,"y":-0.6857731342315674,"z":0.19447529315948487,"w":0.679833710193634},"size":1.7787625789642335,"orthographic":false}