{"cameraMode":{"drawMode":0,"name":"Shaded","section":"Shading Mode"},"sceneLighting":false,"audioPlay":false,"sceneViewState":{"m_AlwaysRefresh":false,"showFog":true,"showSkybox":false,"showFlares":true,"showImageEffects":true,"showParticleSystems":true,"showVisualEffectGraphs":true,"m_FxEnabled":true},"in2DMode":false,"pivot":{"x":0.4590536952018738,"y":0.06437327712774277,"z":-0.5967429280281067},"rotation":{"x":0.10850866883993149,"y":-0.8586627244949341,"z":0.24440237879753114,"w":0.4376041293144226},"size":1.12807035446167,"orthographic":false}