{"cameraMode":{"drawMode":0,"name":"Shaded","section":"Shading Mode"},"sceneLighting":false,"audioPlay":false,"sceneViewState":{"m_AlwaysRefresh":false,"showFog":true,"showSkybox":false,"showFlares":true,"showImageEffects":true,"showParticleSystems":true,"showVisualEffectGraphs":true,"m_FxEnabled":false},"in2DMode":false,"pivot":{"x":0.6594987511634827,"y":0.3519517183303833,"z":-0.28548145294189455},"rotation":{"x":0.011228419840335846,"y":0.9297500252723694,"z":-0.36694133281707766,"w":0.028472689911723138},"size":1.1576058864593506,"orthographic":false}