{"cameraMode":{"drawMode":0,"name":"Shaded","section":"Shading Mode"},"sceneLighting":false,"audioPlay":false,"sceneViewState":{"m_AlwaysRefresh":false,"showFog":true,"showSkybox":false,"showFlares":true,"showImageEffects":true,"showParticleSystems":true,"showVisualEffectGraphs":true,"m_FxEnabled":false},"in2DMode":false,"pivot":{"x":-0.48316478729248049,"y":8.26478099822998,"z":0.14821243286132813},"rotation":{"x":-0.023610200732946397,"y":-0.7285934686660767,"z":-0.02514652907848358,"w":0.6840789318084717},"size":4.387237071990967,"orthographic":false}