{"cameraMode":{"drawMode":0,"name":"Shaded","section":"Shading Mode"},"sceneLighting":false,"audioPlay":false,"sceneViewState":{"m_AlwaysRefresh":false,"showFog":true,"showSkybox":false,"showFlares":true,"showImageEffects":true,"showParticleSystems":true,"showVisualEffectGraphs":true,"m_FxEnabled":true},"in2DMode":false,"pivot":{"x":0.06677272915840149,"y":1.0196304321289063,"z":0.19578172266483308},"rotation":{"x":0.15520693361759187,"y":-0.7179696559906006,"z":0.19232897460460664,"w":0.6509579420089722},"size":1.0430299043655396,"orthographic":false}