{"cameraMode":{"drawMode":0,"name":"Shaded","section":"Shading Mode"},"sceneLighting":false,"audioPlay":false,"sceneViewState":{"m_AlwaysRefresh":false,"showFog":true,"showSkybox":false,"showFlares":true,"showImageEffects":true,"showParticleSystems":true,"showVisualEffectGraphs":true,"m_FxEnabled":true},"in2DMode":false,"pivot":{"x":0.7532387971878052,"y":1.9397320747375489,"z":1.1958916187286378},"rotation":{"x":0.11795847862958908,"y":0.28176257014274599,"z":0.04425710067152977,"w":-0.9512843489646912},"size":1.7781084775924683,"orthographic":false}