{"cameraMode":{"drawMode":0,"name":"Shaded","section":"Shading Mode"},"sceneLighting":false,"audioPlay":false,"sceneViewState":{"m_AlwaysRefresh":false,"showFog":true,"showSkybox":false,"showFlares":true,"showImageEffects":true,"showParticleSystems":true,"showVisualEffectGraphs":true,"m_FxEnabled":true},"in2DMode":false,"pivot":{"x":0.9824366569519043,"y":2.8182590007781984,"z":1.2866508960723878},"rotation":{"x":-0.008354569785296917,"y":0.9500986933708191,"z":-0.3043169677257538,"w":-0.07019434124231339},"size":3.2019524574279787,"orthographic":false}