{"cameraMode":{"drawMode":0,"name":"Shaded","section":"Shading Mode"},"sceneLighting":false,"audioPlay":false,"sceneViewState":{"m_AlwaysRefresh":false,"showFog":true,"showSkybox":false,"showFlares":true,"showImageEffects":true,"showParticleSystems":true,"showVisualEffectGraphs":true,"m_FxEnabled":false},"in2DMode":false,"pivot":{"x":-0.0053768157958984379,"y":0.5436787605285645,"z":0.06384754180908203},"rotation":{"x":0.0928867906332016,"y":0.7942438125610352,"z":-0.12565365433692933,"w":0.5871778726577759},"size":3.79156756401062,"orthographic":false}