{"cameraMode":{"drawMode":0,"name":"Shaded","section":"Shading Mode"},"sceneLighting":false,"audioPlay":false,"sceneViewState":{"m_AlwaysRefresh":false,"showFog":true,"showSkybox":false,"showFlares":true,"showImageEffects":true,"showParticleSystems":true,"showVisualEffectGraphs":true,"m_FxEnabled":true},"in2DMode":false,"pivot":{"x":-1.8694915771484376,"y":0.01158375758677721,"z":1.4791581630706788},"rotation":{"x":0.3376515507698059,"y":0.03727623075246811,"z":0.0012219815980643035,"w":0.9406884908676148},"size":1.860967755317688,"orthographic":false}