{"cameraMode":{"drawMode":0,"name":"Shaded","section":"Shading Mode"},"sceneLighting":false,"audioPlay":false,"sceneViewState":{"m_AlwaysRefresh":false,"showFog":true,"showSkybox":false,"showFlares":true,"showImageEffects":true,"showParticleSystems":true,"showVisualEffectGraphs":true,"m_FxEnabled":true},"in2DMode":false,"pivot":{"x":-0.3639270067214966,"y":0.8427281379699707,"z":-0.5168564915657044},"rotation":{"x":0.06347374618053436,"y":-0.8642045855522156,"z":0.09443897753953934,"w":0.49052608013153078},"size":0.756040096282959,"orthographic":false}