{"cameraMode":{"drawMode":0,"name":"Shaded","section":"Shading Mode"},"sceneLighting":false,"audioPlay":false,"sceneViewState":{"m_AlwaysRefresh":false,"showFog":true,"showSkybox":false,"showFlares":true,"showImageEffects":true,"showParticleSystems":true,"showVisualEffectGraphs":true,"m_FxEnabled":false},"in2DMode":false,"pivot":{"x":-0.46831804513931277,"y":1.1246776580810547,"z":0.8650164604187012},"rotation":{"x":-0.005350765306502581,"y":0.7006946802139282,"z":0.005255310330539942,"w":0.7134220004081726},"size":1.401322364807129,"orthographic":false}