{"cameraMode":{"drawMode":0,"name":"Shaded","section":"Shading Mode"},"sceneLighting":false,"audioPlay":false,"sceneViewState":{"m_AlwaysRefresh":false,"showFog":true,"showSkybox":false,"showFlares":true,"showImageEffects":true,"showParticleSystems":true,"showVisualEffectGraphs":true,"m_FxEnabled":true},"in2DMode":false,"pivot":{"x":0.2340659499168396,"y":3.8627424240112306,"z":-0.8270583152770996},"rotation":{"x":0.010199073702096939,"y":0.9890586733818054,"z":0.12197375297546387,"w":-0.08299733698368073},"size":1.7684810161590577,"orthographic":false}