{"cameraMode":{"drawMode":0,"name":"Shaded","section":"Shading Mode"},"sceneLighting":false,"audioPlay":false,"sceneViewState":{"m_AlwaysRefresh":false,"showFog":true,"showSkybox":false,"showFlares":true,"showImageEffects":true,"showParticleSystems":true,"showVisualEffectGraphs":true,"m_FxEnabled":true},"in2DMode":false,"pivot":{"x":0.9104896783828735,"y":0.546126127243042,"z":0.12963059544563294},"rotation":{"x":0.1918870210647583,"y":-0.6805680394172669,"z":0.21417145431041718,"w":0.6741234660148621},"size":0.7918546795845032,"orthographic":false}