{"cameraMode":{"drawMode":0,"name":"Shaded","section":"Shading Mode"},"sceneLighting":false,"audioPlay":false,"sceneViewState":{"m_AlwaysRefresh":false,"showFog":true,"showSkybox":false,"showFlares":true,"showImageEffects":true,"showParticleSystems":true,"showVisualEffectGraphs":true,"m_FxEnabled":true},"in2DMode":false,"pivot":{"x":-0.3650672435760498,"y":0.23093324899673463,"z":0.24935850501060487},"rotation":{"x":0.09334281831979752,"y":-0.6485242247581482,"z":0.09875670075416565,"w":0.749160885810852},"size":1.0851590633392335,"orthographic":false}