{"cameraMode":{"drawMode":0,"name":"Shaded","section":"Shading Mode"},"sceneLighting":false,"audioPlay":false,"sceneViewState":{"m_AlwaysRefresh":true,"showFog":true,"showSkybox":false,"showFlares":true,"showImageEffects":true,"showParticleSystems":true,"showVisualEffectGraphs":false,"m_FxEnabled":true},"in2DMode":false,"pivot":{"x":-3.1634647846221926,"y":0.8914223313331604,"z":-0.14318539202213288},"rotation":{"x":-0.011542977765202523,"y":-0.7130584716796875,"z":-0.011794627644121647,"w":0.7010095119476318},"size":1.7010985612869263,"orthographic":false}