{"cameraMode":{"drawMode":0,"name":"Shaded","section":"Shading Mode"},"sceneLighting":false,"audioPlay":false,"sceneViewState":{"m_AlwaysRefresh":false,"showFog":false,"showSkybox":false,"showFlares":false,"showImageEffects":false,"showParticleSystems":false,"showVisualEffectGraphs":false,"m_FxEnabled":true},"in2DMode":false,"pivot":{"x":-0.2567138373851776,"y":0.7490009665489197,"z":-0.8994714021682739},"rotation":{"x":-0.005395316053181887,"y":-0.9755129814147949,"z":0.21865475177764893,"w":-0.024003760889172555},"size":1.4530309438705445,"orthographic":false}