{"cameraMode":{"drawMode":0,"name":"Shaded","section":"Shading Mode"},"sceneLighting":false,"audioPlay":false,"sceneViewState":{"m_AlwaysRefresh":false,"showFog":true,"showSkybox":false,"showFlares":true,"showImageEffects":true,"showParticleSystems":true,"showVisualEffectGraphs":true,"m_FxEnabled":true},"in2DMode":false,"pivot":{"x":0.043587829917669299,"y":2.3209118843078615,"z":1.2182687520980836},"rotation":{"x":0.08727546036243439,"y":-0.8117015957832336,"z":0.15118105709552766,"w":0.55763840675354},"size":2.6692938804626467,"orthographic":false}