{"cameraMode":{"drawMode":0,"name":"Shaded","section":"Shading Mode"},"sceneLighting":false,"audioPlay":false,"sceneViewState":{"m_AlwaysRefresh":false,"showFog":true,"showSkybox":false,"showFlares":true,"showImageEffects":true,"showParticleSystems":true,"showVisualEffectGraphs":true,"m_FxEnabled":true},"in2DMode":false,"pivot":{"x":-0.040894538164138797,"y":0.14208188652992249,"z":-0.0303697120398283},"rotation":{"x":0.08213968575000763,"y":-0.03940959274768829,"z":0.016747960820794107,"w":0.9958482980728149},"size":0.18254758417606355,"orthographic":false}