{"cameraMode":{"drawMode":0,"name":"Shaded","section":"Shading Mode"},"sceneLighting":false,"audioPlay":false,"sceneViewState":{"m_AlwaysRefresh":false,"showFog":true,"showSkybox":false,"showFlares":true,"showImageEffects":true,"showParticleSystems":true,"showVisualEffectGraphs":true,"m_FxEnabled":true},"in2DMode":false,"pivot":{"x":-0.0037523508071899416,"y":1.7053509950637818,"z":-0.7105309963226318},"rotation":{"x":-0.006141880992799997,"y":-0.9967265129089356,"z":-0.011311089619994164,"w":0.08007305860519409},"size":1.4501862525939942,"orthographic":false}