{"cameraMode":{"drawMode":0,"name":"Shaded","section":"Shading Mode"},"sceneLighting":false,"audioPlay":false,"sceneViewState":{"m_AlwaysRefresh":false,"showFog":true,"showSkybox":false,"showFlares":true,"showImageEffects":true,"showParticleSystems":true,"showVisualEffectGraphs":true,"m_FxEnabled":false},"in2DMode":false,"pivot":{"x":0.08068884909152985,"y":-0.02396714873611927,"z":0.072710782289505},"rotation":{"x":-0.010172693990170956,"y":-0.379423588514328,"z":0.004448499996215105,"w":-0.9252269864082336},"size":0.08503548055887222,"orthographic":false}