{"cameraMode":{"drawMode":0,"name":"Shaded","section":"Shading Mode"},"sceneLighting":false,"audioPlay":false,"sceneViewState":{"m_AlwaysRefresh":false,"showFog":false,"showSkybox":false,"showFlares":false,"showImageEffects":false,"showParticleSystems":false,"showVisualEffectGraphs":true,"m_FxEnabled":true},"in2DMode":false,"pivot":{"x":0.08737875521183014,"y":1.294965386390686,"z":-1.1894807815551758},"rotation":{"x":0.00042453737114556134,"y":0.9955285787582398,"z":-0.0943583995103836,"w":0.004479908850044012},"size":0.9221977591514587,"orthographic":false}