{"cameraMode":{"drawMode":0,"name":"Shaded","section":"Shading Mode"},"sceneLighting":false,"audioPlay":false,"sceneViewState":{"m_AlwaysRefresh":false,"showFog":true,"showSkybox":false,"showFlares":true,"showImageEffects":true,"showParticleSystems":true,"showVisualEffectGraphs":true,"m_FxEnabled":true},"in2DMode":false,"pivot":{"x":1.453171968460083,"y":1.7513210773468018,"z":1.4403941631317139},"rotation":{"x":-0.058091841638088229,"y":-0.865154504776001,"z":0.4928005635738373,"w":-0.07463221997022629},"size":2.0199010372161867,"orthographic":false}