{"cameraMode":{"drawMode":0,"name":"Shaded","section":"Shading Mode"},"sceneLighting":false,"audioPlay":false,"sceneViewState":{"m_AlwaysRefresh":false,"showFog":true,"showSkybox":false,"showFlares":true,"showImageEffects":true,"showParticleSystems":true,"showVisualEffectGraphs":true,"m_FxEnabled":true},"in2DMode":false,"pivot":{"x":-0.45724716782569888,"y":0.9687774777412415,"z":-0.21610257029533387},"rotation":{"x":0.11760669946670532,"y":-0.6076146364212036,"z":0.1095661148428917,"w":0.7779943943023682},"size":0.9902064204216003,"orthographic":false}